chunk_size,connections,cache_size,read_ahead,write_threshold,read_throughput_mib,write_throughput_mib
131072,1,4194304,131072,1048576,1.2626953125,0.9541015625
131072,2,4194304,131072,1048576,1.7802734375,1.2734375
