chunk_size,connections,cache_size,read_ahead,write_threshold,read_throughput_mib,write_throughput_mib
524288,8,16777216,131072,524288,41.1875,20.8828125
524288,8,16777216,262144,524288,54.388671875,20.8642578125
524288,8,16777216,524288,524288,57.7587890625,20.76171875
524288,8,16777216,1048576,524288,58.8701171875,20.7451171875
524288,8,16777216,4194304,524288,59.05859375,20.75
524288,8,16777216,8388608,524288,56.9423828125,20.9951171875
