chunk_size,connections,cache_size,read_ahead,write_threshold,read_throughput_mib,write_throughput_mib
131072,8,4194304,131072,524288,1.7353515625,1.5947265625
131072,8,4194304,262144,524288,1.7294921875,1.69140625
131072,8,4194304,524288,524288,1.7470703125,1.5986328125
131072,8,4194304,1048576,524288,1.705078125,1.6337890625
